{
    "cash_flow": {
        "metrics": {
            "total_inflow": 1470822729.76,
            "total_outflow": -1809065730.3199997,
            "net_cash_flow": -338243000.55999994,
            "daily_average": -1818510.7556989247,
            "daily_volatility": 5962096.643907259
        },
        "seasonal_patterns": {
            "mean": {
                "1": -2678095.2759375004,
                "2": -854577.7196153847,
                "3": -964817.6754838709,
                "4": -755327.523125,
                "5": -653896.8786666667,
                "6": -1100129.4608695654,
                "7": -9408245.23,
                "8": -10177144.415,
                "9": -12745233.594999999,
                "10": -12825655.075,
                "11": -8957057.215,
                "12": -11549273.66
            },
            "std": {
                "1": 11786309.317904154,
                "2": 2389548.6656900537,
                "3": 2467830.689840701,
                "4": 2635671.4510683464,
                "5": 2562423.8927801293,
                "6": 3539757.5796818025,
                "7": 1910740.6772889588,
                "8": 2329614.9023430403,
                "9": 217898.0588214038,
                "10": 674775.3630637621,
                "11": 553428.7542022014,
                "12": 8152652.517808541
            }
        },
        "anomalies": [
            {
                "Posting Date": 